<assembly
	xmlns="http://maven.apache.org/plugins/maven-assembly-plugin/assembly/1.1.2"
	xmlns:xsi="http://www.w3.org/2001/XMLSchema-instance"
	xsi:schemaLocation="http://maven.apache.org/plugins/maven-assembly-plugin/assembly/1.1.2 
    http://maven.apache.org/xsd/assembly-1.1.2.xsd">
	<id>sources</id>
	<formats>
		<format>jar</format>
	</formats>
	<includeBaseDirectory>false</includeBaseDirectory>

	<fileSets>
		<fileSet>
			<directory>../antbuild/etc/</directory>
			<outputDirectory>.</outputDirectory>
			<includes>
				<include>README*</include>
				<include>LICENSE*</include>
				<include>NOTICE*</include>
				<include>releasenotes*</include>
			</includes>
			<useDefaultExcludes>false</useDefaultExcludes>
		</fileSet>
		<fileSet>
			<directory>../module-shared/src/main/java</directory>
			<outputDirectory>.</outputDirectory>
		</fileSet>
		<fileSet>
			<directory>../module-core/src/main/java</directory>
			<outputDirectory>.</outputDirectory>
		</fileSet>
		<fileSet>
			<directory>../module-query/src/main/java</directory>
			<outputDirectory>.</outputDirectory>
		</fileSet>
		<fileSet>
			<directory>../module-owlapi/src/main/java</directory>
			<outputDirectory>.</outputDirectory>
		</fileSet>
		<fileSet>
			<directory>../module-jena/src/main/java</directory>
			<outputDirectory>.</outputDirectory>
		</fileSet>
		<fileSet>
			<directory>../module-explanation/src/main/java</directory>
			<outputDirectory>.</outputDirectory>
		</fileSet>
		<fileSet>
			<directory>../module-modularity/src/main/java</directory>
			<outputDirectory>.</outputDirectory>
		</fileSet>
	</fileSets>
</assembly>
